{
    "dt": 0.006756756756756757,
    "g": 187.21374045801525,
    "inertia": 0.2950002913583124,
    "mass": 0.37,
    "mu": 0.18,
    "restitution": 0.125,
    "run_n": 570,
    "vertices": [
        [
            -0.9999999999999999,
            -0.9999999999999999,
            0.9999999999999999
        ],
        [
            -0.9999999999999999,
            -0.9999999999999999,
            -0.9999999999999999
        ],
        [
            -0.9999999999999999,
            0.9999999999999999,
            -0.9999999999999999
        ],
        [
            -0.9999999999999999,
            0.9999999999999999,
            0.9999999999999999
        ],
        [
            0.9999999999999999,
            -0.9999999999999999,
            0.9999999999999999
        ],
        [
            0.9999999999999999,
            -0.9999999999999999,
            -0.9999999999999999
        ],
        [
            0.9999999999999999,
            0.9999999999999999,
            -0.9999999999999999
        ],
        [
            0.9999999999999999,
            0.9999999999999999,
            0.9999999999999999
        ]
    ]
}